{
  "by_task": {
    "push the plate to the front of the stove": {
      "friction_mu_0.2": {
        "mean_contact_ratio": 0.4323269718134258,
        "mean_force": 0.0003768387170566732,
        "mean_post_probe_object_to_target_distance": 0.2501118890941143,
        "mean_probe_obj_displacement": 0.005242268108122517,
        "n": 10,
        "success_rate": 0.4
      },
      "friction_mu_0.7": {
        "mean_contact_ratio": 0.44664523109460275,
        "mean_force": 0.00035485573462210686,
        "mean_post_probe_object_to_target_distance": 0.2511830942498313,
        "mean_probe_obj_displacement": 0.0036614056618418543,
        "n": 10,
        "success_rate": 0.7
      },
      "mass_scale_0.5": {
        "mean_contact_ratio": 0.42880741337630945,
        "mean_force": 0.004623832262586803,
        "mean_post_probe_object_to_target_distance": 0.25076192451847923,
        "mean_probe_obj_displacement": 0.002991863364877645,
        "n": 10,
        "success_rate": 0.2
      },
      "mass_scale_3": {
        "mean_contact_ratio": 0.42917995860836483,
        "mean_force": 0.09179162215441465,
        "mean_post_probe_object_to_target_distance": 0.25374750627411735,
        "mean_probe_obj_displacement": 0.003561426332453266,
        "n": 10,
        "success_rate": 0.4
      },
      "mass_scale_7": {
        "mean_contact_ratio": 0.49508100185797305,
        "mean_force": 0.6687067687511444,
        "mean_post_probe_object_to_target_distance": 0.2519239619374275,
        "mean_probe_obj_displacement": 0.0018083485214447138,
        "n": 10,
        "success_rate": 0.5
      }
    },
    "put the bowl on the stove": {
      "friction_mu_0.2": {
        "mean_contact_ratio": 0.33368424699458954,
        "mean_force": 9.42923459661002e-05,
        "mean_post_probe_object_to_target_distance": 0.27057913608021206,
        "mean_probe_obj_displacement": 0.003031773218390299,
        "n": 10,
        "success_rate": 0.7
      },
      "friction_mu_0.7": {
        "mean_contact_ratio": 0.39952047643341915,
        "mean_force": 0.0001237397489603651,
        "mean_post_probe_object_to_target_distance": 0.2687869452767902,
        "mean_probe_obj_displacement": 0.005788583040703088,
        "n": 10,
        "success_rate": 0.8
      },
      "mass_scale_0.5": {
        "mean_contact_ratio": 0.3151871624888843,
        "mean_force": 0.001966277416795492,
        "mean_post_probe_object_to_target_distance": 0.2678215205669403,
        "mean_probe_obj_displacement": 0.0058485502726398405,
        "n": 10,
        "success_rate": 0.6
      },
      "mass_scale_3": {
        "mean_contact_ratio": 0.3044492807115296,
        "mean_force": 0.048123646154999734,
        "mean_post_probe_object_to_target_distance": 0.26638203486800194,
        "mean_probe_obj_displacement": 0.004317241488024592,
        "n": 10,
        "success_rate": 0.5
      },
      "mass_scale_7": {
        "mean_contact_ratio": 0.3676508772342458,
        "mean_force": 0.3800768956542015,
        "mean_post_probe_object_to_target_distance": 0.26915014121267533,
        "mean_probe_obj_displacement": 0.003588643391412916,
        "n": 10,
        "success_rate": 0.7
      }
    },
    "put the bowl on top of the cabinet": {
      "friction_mu_0.2": {
        "mean_contact_ratio": 0.3822479590126649,
        "mean_force": 0.0002303130048858334,
        "mean_post_probe_object_to_target_distance": 0.353578332811594,
        "mean_probe_obj_displacement": 0.008597675967030228,
        "n": 10,
        "success_rate": 0.5
      },
      "friction_mu_0.7": {
        "mean_contact_ratio": 0.4210337624785985,
        "mean_force": 0.00020203334006509976,
        "mean_post_probe_object_to_target_distance": 0.3571456968784332,
        "mean_probe_obj_displacement": 0.0041098441710346375,
        "n": 10,
        "success_rate": 0.5
      },
      "mass_scale_0.5": {
        "mean_contact_ratio": 0.40683490018525204,
        "mean_force": 0.0024480295600369574,
        "mean_post_probe_object_to_target_distance": 0.3595164716243744,
        "mean_probe_obj_displacement": 0.0028991129074711353,
        "n": 10,
        "success_rate": 0.7
      },
      "mass_scale_3": {
        "mean_contact_ratio": 0.41946691132402725,
        "mean_force": 0.06192376669496298,
        "mean_post_probe_object_to_target_distance": 0.35463753938674925,
        "mean_probe_obj_displacement": 0.005785889615071938,
        "n": 10,
        "success_rate": 0.6
      },
      "mass_scale_7": {
        "mean_contact_ratio": 0.36544760959323297,
        "mean_force": 0.35401327908039093,
        "mean_post_probe_object_to_target_distance": 0.3568320009443495,
        "mean_probe_obj_displacement": 0.0034858087194152175,
        "n": 10,
        "success_rate": 0.6
      }
    },
    "put the cream cheese in the bowl": {
      "friction_mu_0.2": {
        "mean_contact_ratio": 0.2718335526981877,
        "mean_force": 4.0311162683792646e-05,
        "mean_post_probe_object_to_target_distance": 0.13007317259907722,
        "mean_probe_obj_displacement": 0.009459968749433756,
        "n": 10,
        "success_rate": 0.4
      },
      "friction_mu_0.7": {
        "mean_contact_ratio": 0.23781793842034804,
        "mean_force": 4.0225754764833256e-05,
        "mean_post_probe_object_to_target_distance": 0.13045972660183908,
        "mean_probe_obj_displacement": 0.008413687627762557,
        "n": 10,
        "success_rate": 0.1
      },
      "mass_scale_0.5": {
        "mean_contact_ratio": 0.07712418300653595,
        "mean_force": 0.002088183129671961,
        "mean_post_probe_object_to_target_distance": 0.13324182406067847,
        "mean_probe_obj_displacement": 0.008505527419038117,
        "n": 10,
        "success_rate": 0.0
      },
      "mass_scale_3": {
        "mean_contact_ratio": 0.2582222387132594,
        "mean_force": 0.048625994473695755,
        "mean_post_probe_object_to_target_distance": 0.1328199550509453,
        "mean_probe_obj_displacement": 0.004638272395823151,
        "n": 10,
        "success_rate": 0.3
      },
      "mass_scale_7": {
        "mean_contact_ratio": 0.22482352941176473,
        "mean_force": 0.36470633521676066,
        "mean_post_probe_object_to_target_distance": 0.13638998791575432,
        "mean_probe_obj_displacement": 0.0031602462520822884,
        "n": 10,
        "success_rate": 0.2
      }
    },
    "put the wine bottle on top of the cabinet": {
      "friction_mu_0.2": {
        "mean_contact_ratio": 0.4714000750056311,
        "mean_force": 0.00014334820152726076,
        "mean_post_probe_object_to_target_distance": 0.38546087013350594,
        "mean_probe_obj_displacement": 0.0036131960921920838,
        "n": 10,
        "success_rate": 0.8
      },
      "friction_mu_0.7": {
        "mean_contact_ratio": 0.32244849493091615,
        "mean_force": 7.887157626101056e-05,
        "mean_post_probe_object_to_target_distance": 0.3834641029437383,
        "mean_probe_obj_displacement": 0.0007953672611620277,
        "n": 10,
        "success_rate": 0.5
      },
      "mass_scale_0.5": {
        "mean_contact_ratio": 0.5039292386666262,
        "mean_force": 0.008004279481247068,
        "mean_post_probe_object_to_target_distance": 0.3813622295856476,
        "mean_probe_obj_displacement": 0.0017196909633639735,
        "n": 10,
        "success_rate": 0.8
      },
      "mass_scale_3": {
        "mean_contact_ratio": 0.4787354471793076,
        "mean_force": 0.19887833893299103,
        "mean_post_probe_object_to_target_distance": 0.38259833719995284,
        "mean_probe_obj_displacement": 0.005048507187166251,
        "n": 10,
        "success_rate": 0.7
      },
      "mass_scale_7": {
        "mean_contact_ratio": 0.49409268526968486,
        "mean_force": 1.3220585823059081,
        "mean_post_probe_object_to_target_distance": 0.3840113812022739,
        "mean_probe_obj_displacement": 0.0013933479145634919,
        "n": 10,