{
  "by_task": {
    "push the plate to the front of the stove": {
      "friction_mu_0.2": {
        "mean_contact_ratio": 0.5806451612903226,
        "mean_force": 0.00011506605369504541,
        "mean_post_probe_object_to_target_distance": 0.25909939408302307,
        "mean_probe_obj_displacement": 0.0005533613148145378,
        "n": 1,
        "success_rate": 1.0
      },
      "mass_scale_0.5": {
        "mean_contact_ratio": 0.30392156862745096,
        "mean_force": 0.005201047286391258,
        "mean_post_probe_object_to_target_distance": 0.26005619764328003,
        "mean_probe_obj_displacement": 0.004056519363075495,
        "n": 1,
        "success_rate": 0.0
      }
    },
    "put the bowl on the stove": {
      "friction_mu_0.2": {
        "mean_contact_ratio": 0.5595238095238095,
        "mean_force": 0.00014060815738048404,
        "mean_post_probe_object_to_target_distance": 0.2611468732357025,
        "mean_probe_obj_displacement": 0.001530035282485187,
        "n": 1,
        "success_rate": 1.0
      },
      "mass_scale_0.5": {
        "mean_contact_ratio": 0.5542168674698795,
        "mean_force": 0.002298044040799141,
        "mean_post_probe_object_to_target_distance": 0.2671906352043152,
        "mean_probe_obj_displacement": 0.0015433011576533318,
        "n": 1,
        "success_rate": 1.0
      }
    },
    "put the bowl on top of the cabinet": {
      "friction_mu_0.2": {
        "mean_contact_ratio": 0.632183908045977,
        "mean_force": 0.00014964687579777092,
        "mean_post_probe_object_to_target_distance": 0.36395689845085144,
        "mean_probe_obj_displacement": 0.00874351616948843,
        "n": 1,
        "success_rate": 1.0
      },
      "mass_scale_0.5": {
        "mean_contact_ratio": 0.5949367088607594,
        "mean_force": 0.003958108834922314,
        "mean_post_probe_object_to_target_distance": 0.37249404191970825,
        "mean_probe_obj_displacement": 0.0015021075960248709,
        "n": 1,
        "success_rate": 1.0
      }
    },
    "put the cream cheese in the bowl": {
      "friction_mu_0.2": {
        "mean_contact_ratio": 0.032679738562091505,
        "mean_force": 6.33120635029627e-06,
        "mean_post_probe_object_to_target_distance": 0.1489672213792801,
        "mean_probe_obj_displacement": 0.008984502404928207,
        "n": 1,
        "success_rate": 0.0
      },
      "mass_scale_0.5": {
        "mean_contact_ratio": 0.4869281045751634,
        "mean_force": 0.004328101873397827,
        "mean_post_probe_object_to_target_distance": 0.14579378068447113,
        "mean_probe_obj_displacement": 0.010779098607599735,
        "n": 1,
        "success_rate": 0.0
      }
    },
    "put the wine bottle on top of the cabinet": {
      "friction_mu_0.2": {
        "mean_contact_ratio": 0.6310679611650486,
        "mean_force": 0.00011160783469676971,
        "mean_post_probe_object_to_target_distance": 0.3876255750656128,
        "mean_probe_obj_displacement": 0.004249286837875843,
        "n": 1,
        "success_rate": 1.0
      },
      "mass_scale_0.5": {
        "mean_contact_ratio": 0.7323943661971831,
        "mean_force": 0.007523596286773682,
        "mean_post_probe_object_to_target_distance": 0.3802730441093445,
        "mean_probe_obj_displacement": 0.0037865792401134968,
        "n": 1,
        "success_rate": 1.0
      }
    }
  },
  "overall": {
    "num_episodes": 10,
    "success_rate": 0.7
  }
}
