{
  "by_task": {
    "put the bowl on top of the cabinet": {
      "friction_mu_0.2": {
        "mean_contact_ratio": 0.38017310828329987,
        "mean_force": 0.000253358542568094,
        "mean_post_probe_object_to_target_distance": 0.3531782180070877,
        "mean_probe_obj_displacement": 0.005764467705739662,
        "n": 10,
        "success_rate": 0.6
      },
      "friction_mu_0.7": {
        "mean_contact_ratio": 0.3352054262451531,
        "mean_force": 0.00017904139349412545,
        "mean_post_probe_object_to_target_distance": 0.35932657122612,
        "mean_probe_obj_displacement": 0.0062008129607420415,
        "n": 10,
        "success_rate": 0.5
      },
      "mass_scale_0.5": {
        "mean_contact_ratio": 0.3891492692102914,
        "mean_force": 0.002881325175985694,
        "mean_post_probe_object_to_target_distance": 0.3554401397705078,
        "mean_probe_obj_displacement": 0.00460253629134968,
        "n": 10,
        "success_rate": 0.6
      },
      "mass_scale_3": {
        "mean_contact_ratio": 0.25127149664070814,
        "mean_force": 0.06701834723353386,
        "mean_post_probe_object_to_target_distance": 0.35650011003017423,
        "mean_probe_obj_displacement": 0.0038559371896553785,
        "n": 10,
        "success_rate": 0.3
      },
      "mass_scale_7": {
        "mean_contact_ratio": 0.3493224904730341,
        "mean_force": 0.34119479209184644,
        "mean_post_probe_object_to_target_distance": 0.3575427234172821,
        "mean_probe_obj_displacement": 0.0025566800963133574,
        "n": 10,
        "success_rate": 0.5
      }
    }
  },
  "overall": {
    "num_episodes": 50,
    "success_rate": 0.5
  }
}
